,Original CNOTs,SABRE CNOTs,SABRE Depth,SABRE Time,ForeSight CNOTs,ForeSight Depth,ForeSight Time,Noisy ForeSight CNOTs,Noisy ForeSight Depth,Noisy ForeSight Time,SABRE TVD,ForeSight TVD,Noisy ForeSight TVD,SABRE Relative TVD,ForeSight Relative TVD
adder_n10,65,42,130,0.041319304844364524,36,126,0.5962479810696095,42,144,0.07125484198331833,0.4720996900000938,0.495274690000094,0.4552246900000939,0.9642554308815655,0.9191357830136798
multiply_n13,40,48,74,0.03926365100778639,36,66,1.9836204231251031,63,89,0.49009683984331787,0.48144985000002155,0.38162485000002144,0.4221748500000215,0.8768822962557836,1.1062561832647895
multiplier_n15,246,270,431,0.28535545500926673,213,384,21.570269108982757,234,401,13.998060259968042,0.8099999300000043,0.8306999300000042,0.8290499300000043,1.0235185205509831,0.9980137231984599
sat_n11,252,261,604,0.23188110999763012,183,556,10.528547857888043,288,667,3.5922221881337464,0.34135,0.3366500000000001,0.338975,0.993042331917387,1.0069062824892319
bv_n14,13,21,33,0.015569865936413407,21,33,0.011526035144925117,21,32,0.01202974608168006,0.2539963400133718,0.2555964500125809,0.29422043002085385,1.1583648410263094,1.1511131316822742
qaoa_n6,54,18,152,0.036459446186199784,24,128,3.968792882980779,36,135,0.504515663953498,0.07494999999999999,0.07902500000000004,0.07264999999999999,0.9693128752501668,0.9193293261626062
