,Original CNOTs,SABRE CNOTs,SABRE Depth,SABRE Time,ForeSight CNOTs,ForeSight Depth,ForeSight Time,Noisy ForeSight CNOTs,Noisy ForeSight Depth,Noisy ForeSight Time,SABRE TVD,ForeSight TVD,Noisy ForeSight TVD,SABRE Relative TVD,ForeSight Relative TVD
adder_n10,65,42,137,0.041375603061169386,39,130,0.33100657584145665,48,133,0.09682122291997075,0.2450997100000819,0.22334970000008794,0.21074969000009391,0.8598528737550261,0.9435861789830519
multiply_n13,40,36,80,0.031410431023687124,36,72,2.4471471661236137,60,85,1.3033362261485308,0.13497486000001857,0.13514986000001858,0.16029985000002148,1.1876274589208644,1.1860896489274901
multiplier_n15,246,279,461,0.26911924220621586,234,384,18.651233511045575,297,437,9.748298296006396,0.6676249300000043,0.6700999300000043,0.6218499300000043,0.9314360534739173,0.9279958139974739
sat_n11,252,252,583,0.23260709992609918,192,521,9.97656548791565,252,625,8.638913915026933,0.24932500000000002,0.2558,0.23849999999999996,0.9565827734884185,0.9323690383111803
bv_n14,13,15,32,0.01372265606187284,15,32,0.012913162121549249,18,31,0.010907019954174757,0.07704892000115954,0.07709897000105405,0.08924877000150491,1.1583390137092353,1.1575870598567628
qaoa_n6,54,18,142,0.03752407105639577,18,127,1.0146688760723919,18,124,0.17128744791261852,0.030849999999999954,0.03364999999999997,0.04107499999999993,1.331442463533225,1.2206537890044566
