,Original CNOTs,SABRE CNOTs,SABRE Depth,SABRE Time,ForeSight CNOTs,ForeSight Depth,ForeSight Time,Noisy ForeSight CNOTs,Noisy ForeSight Depth,Noisy ForeSight Time,SABRE TVD,ForeSight TVD,Noisy ForeSight TVD,SABRE Relative TVD,ForeSight Relative TVD
adder_n10,65,51,150,0.04471517389174551,39,137,0.37519369600340724,51,155,0.4065772460307926,0.2572496900000939,0.32934969000009384,0.2626746900000939,1.0210884607868644,0.7975556011606358
multiply_n13,40,36,82,0.13184457400348037,39,80,1.0176987579325214,63,81,1.933691654005088,0.31699985000002145,0.2738498500000214,0.3155748500000214,0.9955047297340993,1.152364516540713
multiplier_n15,246,258,458,0.24725922499783337,219,396,22.51289924501907,249,413,15.358123351004906,0.6617999300000043,0.6989999300000045,0.6685999300000044,1.0102750086419623,0.9565092946432772
sat_n11,252,291,643,0.42245029902551323,195,543,9.309290153090842,276,648,10.609479194972664,0.32037499999999997,0.28825000000000006,0.27180000000000004,0.8483808037456109,0.9429314830875976
bv_n14,13,15,31,0.013291835086420178,15,31,0.011581262107938528,21,34,0.017453148029744625,0.11984845000239253,0.1245483800026139,0.11047339000258095,0.9217757092425941,0.886991785844685
qaoa_n6,54,18,124,0.03793467709328979,18,124,1.2313363720895723,27,132,0.1752108830260113,0.05669999999999997,0.054999999999999986,0.053775,0.9484126984126989,0.977727272727273
