,Original CNOTs,SABRE CNOTs,SABRE Depth,SABRE Time,ForeSight CNOTs,ForeSight Depth,ForeSight Time,Noisy ForeSight CNOTs,Noisy ForeSight Depth,Noisy ForeSight Time,SABRE TVD,ForeSight TVD,Noisy ForeSight TVD,SABRE Relative TVD,ForeSight Relative TVD
adder_n10,65,42,143,0.040938724065199494,36,126,0.7275381009094417,51,141,0.10557424300350249,0.08017475000006072,0.06257477000005132,0.06102474000006588,0.7611466203514157,0.9752291538589087
multiply_n13,40,42,84,0.03766799997538328,39,65,3.054099946981296,57,82,2.6410617479123175,0.0562248800000136,0.04939988000001362,0.06902486000001858,1.2276568664975698,1.397267766642339
multiplier_n15,246,291,424,0.27932423795573413,225,394,28.50108840293251,285,434,18.77281752601266,0.34097493000000434,0.3123249300000043,0.2528749300000043,0.7416232331215703,0.8096533632457737
sat_n11,252,267,616,0.21876863203942776,189,555,9.376863403012976,303,660,8.016080426052213,0.2518750000000001,0.15930000000000016,0.1299750000000002,0.5160297766749385,0.8159133709981172
bv_n14,13,27,37,0.0176297752186656,27,38,0.015140115981921554,30,33,0.026046619983389974,0.03717448000026694,0.03862444000030952,0.027024620000141768,0.7269669945604541,0.6996766813946094
qaoa_n6,54,18,167,0.03635497088544071,27,133,3.466611495008692,30,128,2.1012703687883914,0.027849999999999927,0.025399999999999943,0.022325000000000005,0.801615798922803,0.8789370078740179
