,Original CNOTs,SABRE CNOTs,SABRE Depth,SABRE Time,ForeSight CNOTs,ForeSight Depth,ForeSight Time,Noisy ForeSight CNOTs,Noisy ForeSight Depth,Noisy ForeSight Time,SABRE TVD,ForeSight TVD,Noisy ForeSight TVD,SABRE Relative TVD,ForeSight Relative TVD
adder_n10,65,39,126,0.041395895881578326,36,122,0.6063361011911184,48,146,0.08012360497377813,0.23354969000009387,0.23084970000008787,0.21652469000009392,0.9271033072234303,0.9379465946891484
multiply_n13,40,36,73,0.11133355717174709,39,74,7.3149870270863175,69,90,0.7462565950118005,0.17422485000002144,0.20692485000002142,0.20792485000002148,1.1934282049891038,1.004832672344573
multiplier_n15,246,225,419,0.21821173303760588,201,384,20.976382990833372,282,474,18.387101794825867,0.49347493000000425,0.5728999300000043,0.5834499300000044,1.1823294245160527,1.0184150834160515
sat_n11,252,267,601,0.23379269591532648,213,542,12.97073031309992,282,647,12.854080393910408,0.2762499999999999,0.25282499999999997,0.24069999999999986,0.87131221719457,0.9520419262335603
bv_n14,13,18,35,0.014393568970263004,18,35,0.014807677827775478,24,38,0.011572417104616761,0.09977383000136143,0.10047379000145609,0.09489883000136089,0.9511394921901462,0.9445132904808865
qaoa_n6,54,18,123,0.0364430439658463,18,123,3.3086989659350365,33,136,1.4102743100374937,0.04665000000000001,0.04635000000000001,0.046875,1.0048231511254018,1.0113268608414236
