,Original CNOTs,SABRE CNOTs,SABRE Depth,SABRE Time,ForeSight CNOTs,ForeSight Depth,ForeSight Time,Noisy ForeSight CNOTs,Noisy ForeSight Depth,Noisy ForeSight Time,SABRE TVD,ForeSight TVD,Noisy ForeSight TVD,SABRE Relative TVD,ForeSight Relative TVD
adder_n10,65,45,138,0.04403055692091584,36,126,0.8311156209092587,48,144,0.051250769989565015,0.614049690000094,0.45577469000009396,0.4096496900000939,0.6671279159835276,0.8987986805498336
multiply_n13,40,30,75,0.030839743092656136,36,74,2.810482361819595,57,83,1.7594568529166281,0.29694985000002144,0.3398248500000215,0.32117485000002144,1.0815794316784408,0.9451187869280341
multiplier_n15,246,279,427,0.2573807858861983,219,405,15.252779451198876,279,409,19.57036812696606,0.7541499300000044,0.8240249300000043,0.7672499300000044,1.0173705512377358,0.9311003855186765
sat_n11,252,288,628,0.24295019009150565,204,560,12.975263294065371,264,665,3.4630553980823606,0.3298249999999999,0.31862499999999994,0.308475,0.9352687031001291,0.9681443703413105
bv_n14,13,15,28,0.013293878175318241,15,28,0.009930375032126904,33,47,0.020218643127009273,0.25769637001315276,0.2538465500118808,0.24072188000971204,0.934129883154449,0.9482968352276032
qaoa_n6,54,18,142,0.03705238504335284,18,124,1.0040078081656247,21,129,0.24437864497303963,0.06642499999999997,0.06544999999999995,0.058024999999999986,0.8735415882574333,0.8865546218487399
