,Original CNOTs,SABRE CNOTs,SABRE Depth,SABRE Time,ForeSight CNOTs,ForeSight Depth,ForeSight Time,Noisy ForeSight CNOTs,Noisy ForeSight Depth,Noisy ForeSight Time,SABRE TVD,ForeSight TVD,Noisy ForeSight TVD,SABRE Relative TVD,ForeSight Relative TVD
adder_n10,65,48,144,0.04584245081059635,39,132,0.39955086912959814,51,153,0.2417149229440838,0.31434969000009394,0.271374690000094,0.31929969000009384,1.0157467945968022,1.176600846600629
multiply_n13,40,36,79,0.031052303034812212,24,65,1.9595054988749325,45,73,0.5843979311175644,0.21032485000002143,0.21722485000002145,0.23157485000002148,1.1010341859271402,1.0660605819269693
multiplier_n15,246,270,454,0.2483531420584768,219,394,19.26955548208207,294,448,13.025469182059169,0.7382499300000042,0.7324999300000042,0.7665249300000043,1.0383000374954319,1.0464505163843496
sat_n11,252,288,641,0.23596202908083797,204,576,7.464923704043031,258,611,8.70883186487481,0.3010750000000001,0.277425,0.293025,0.9732624761272105,1.0562314138956475
bv_n14,13,21,34,0.015624811872839928,21,37,0.014715293888002634,21,37,0.011955973925068974,0.1343480900036357,0.13737311000356003,0.16439737000689972,1.223667340581104,1.1967216146059396
qaoa_n6,54,18,168,0.037634018110111356,24,127,1.4485829221084714,39,143,0.33337063901126385,0.05750000000000002,0.044424999999999985,0.06259999999999999,1.0886956521739124,1.409116488463703
