,Original CNOTs,SABRE CNOTs,SABRE Depth,SABRE Time,SABRE TVD,ForeSight CNOTs,ForeSight Depth,ForeSight Time,ForeSight TVD,A* CNOTs,A* Depth,A* Time,A* Memory
adder_n10,65,137,166,0.04152175400000013,1.56005859375,116,156,0.6335937429999996,1.5068359375,104,127,0.008261370999999684,5.83203125
bv_n14,13,28,31,0.010575352000000038,1.98193359375,37,34,0.06373059100000233,1.982666015625,0,0,0.0,0.0
qaoa_n6,54,81,172,0.03259633000001827,0.67138671875,99,147,6.950231520000017,0.66796875,0,0,0.0,0.0
qpe_n9,43,82,123,0.027014837999985275,0.802734375,91,123,0.16875177000000008,0.7890625,0,0,0.0,0.0
simon_n6,14,23,43,0.008801913000013428,0.81103515625,23,39,0.09668035999999347,0.82177734375,0,0,0.0,0.0
