,Original CNOTs,SABRE CNOTs,SABRE Depth,SABRE Time,ForeSight CNOTs,ForeSight Depth,ForeSight Time,Noisy ForeSight CNOTs,Noisy ForeSight Depth,Noisy ForeSight Time,SABRE TVD,ForeSight TVD,Noisy ForeSight TVD,SABRE Relative TVD,ForeSight Relative TVD
adder_n10,65,45,139,0.044036631006747484,39,139,0.6103803860023618,57,159,0.20528082991950214,0.40129969000009386,0.42822469000009394,0.3402496900000939,0.8478693068514813,0.7945587864165872
multiply_n13,40,30,74,0.029818366980180144,36,72,1.7112764869816601,33,68,0.13207842805422843,0.23187485000002145,0.2889248500000214,0.2309748500000215,0.9961185958718685,0.7994288134094537
multiplier_n15,246,267,451,0.25934633309952915,201,379,23.334232141962275,288,432,21.070929697947577,0.8256999300000043,0.7547749300000044,0.7587249300000044,0.9188869980890036,1.0052333481717524
sat_n11,252,300,636,0.2511618242133409,210,544,10.617407446959987,282,643,9.014755796873942,0.33525,0.33505000000000007,0.30810000000000004,0.9190156599552574,0.9195642441426652
bv_n14,13,18,32,0.014127064030617476,18,35,0.01524406811222434,21,38,0.017555295955389738,0.14659797000410815,0.16052314000344622,0.1639722700074353,1.1185166479647723,1.021486808717516
qaoa_n6,54,18,168,0.03813831205479801,18,124,1.2493166590575129,27,132,0.17576773813925683,0.07622500000000001,0.06862500000000002,0.055575000000000006,0.7290915054116103,0.8098360655737703
