,Original CNOTs,SABRE CNOTs,SABRE Depth,SABRE Time,ForeSight CNOTs,ForeSight Depth,ForeSight Time,Noisy ForeSight CNOTs,Noisy ForeSight Depth,Noisy ForeSight Time,SABRE TVD,ForeSight TVD,Noisy ForeSight TVD,SABRE Relative TVD,ForeSight Relative TVD
adder_n10,65,42,137,0.040788042126223445,39,126,0.8587447821628302,51,149,0.03936398308724165,0.5773996900000941,0.525999690000094,0.5107996900000938,0.8846552896486845,0.9711026445662023
multiply_n13,40,36,68,0.0327208589296788,30,65,3.87492119288072,39,74,0.5413549840450287,0.34877485000002145,0.35974985000002146,0.41379985000002134,1.1864383283370228,1.1502432871062953
multiplier_n15,246,243,478,0.23377003311179578,207,373,20.12092032795772,264,426,6.474458447890356,0.8160999300000042,0.8240999300000043,0.8095749300000042,0.99200465560633,0.9823747103097074
sat_n11,252,303,643,0.2475341570097953,207,522,13.789671243168414,279,649,6.001558282179758,0.33667499999999995,0.3374749999999999,0.32244999999999996,0.9577485705799361,0.9554781835691534
bv_n14,13,18,32,0.014894544146955013,18,32,0.032506530871614814,18,34,0.014954861951991916,0.2579464100128635,0.259921250014039,0.15402249000628335,0.5971104230471842,0.592573673749123
qaoa_n6,54,18,126,0.0371903870254755,18,124,1.2773361769504845,18,124,0.0980496471747756,0.07389999999999998,0.06897499999999998,0.06494999999999997,0.8788903924221919,0.9416455237404855
