,Original CNOTs,SABRE CNOTs,SABRE Depth,SABRE Time,ForeSight CNOTs,ForeSight Depth,ForeSight Time,Noisy ForeSight CNOTs,Noisy ForeSight Depth,Noisy ForeSight Time,SABRE TVD,ForeSight TVD,Noisy ForeSight TVD,SABRE Relative TVD,ForeSight Relative TVD
adder_n10,65,45,135,0.039829401997849345,39,125,0.3633871232159436,54,151,0.06313261482864618,0.075199730000071,0.06519976000005594,0.05889973000007092,0.783243902604641,0.9033734173257753
multiply_n13,40,42,73,0.0364539020229131,39,73,6.736115748994052,60,87,0.575860399985686,0.062424880000013484,0.08512485000002146,0.06794986000001854,1.088506057200332,0.7982376474084996
multiplier_n15,246,276,458,0.2797036129049957,222,394,21.663713542977348,270,424,17.276700909947976,0.2698499300000043,0.2791999300000043,0.3026999300000043,1.1217343284098664,1.0841690755438211
sat_n11,252,300,659,0.3856062039267272,207,563,10.860044571803883,264,642,4.77318579191342,0.15662500000000001,0.12082499999999999,0.12664999999999996,0.8086193136472463,1.0482102213945788
bv_n14,13,12,29,0.012825283920392394,12,29,0.01014755293726921,12,29,0.01095924386754632,0.02039964000012735,0.02097464000012714,0.018824680000100246,0.9227947159843374,0.8974971680079438
qaoa_n6,54,24,154,0.042637621983885765,24,124,1.9495071261189878,33,130,0.1488122430164367,0.027649999999999987,0.027299999999999956,0.02514999999999999,0.9095840867992767,0.9212454212454223
