,Original CNOTs,SABRE CNOTs,SABRE Depth,SABRE Time,ForeSight CNOTs,ForeSight Depth,ForeSight Time,Noisy ForeSight CNOTs,Noisy ForeSight Depth,Noisy ForeSight Time,SABRE TVD,ForeSight TVD,Noisy ForeSight TVD,SABRE Relative TVD,ForeSight Relative TVD
adder_n10,65,45,139,0.04141069087199867,36,116,0.5492326228413731,51,145,0.13111622398719192,0.5049496900000938,0.3969496900000939,0.38552469000009393,0.7634912895976276,0.9712180150587918
multiply_n13,40,36,83,0.03268782212398946,42,68,2.0633933688513935,60,88,0.1381684630177915,0.33162485000002145,0.35067485000002147,0.3417248500000214,1.0304561012240165,0.9744777819110794
multiplier_n15,246,267,427,0.25300920591689646,225,376,23.147271343972534,276,429,15.612562083173543,0.7996749300000042,0.8249749300000043,0.8054249300000044,1.007190421737993,0.9763023101805047
sat_n11,252,300,627,0.25135654606856406,204,550,10.89081832789816,261,650,0.8183832331560552,0.3311750000000001,0.31957500000000005,0.324125,0.9787121612440549,1.0142376593913789
bv_n14,13,15,28,0.012935267994180322,18,28,0.011111214058473706,21,31,0.014530403073877096,0.16414785000460855,0.17722257000588904,0.1959717000108688,1.1938730845720293,1.1057942563656353
qaoa_n6,54,18,168,0.037383693968877196,18,124,1.0927093129139394,39,134,0.20849833404645324,0.08157500000000001,0.07517500000000002,0.07725000000000004,0.946981305547043,1.0276022613900901
