,Original CNOTs,SABRE CNOTs,SABRE Depth,SABRE Time,ForeSight CNOTs,ForeSight Depth,ForeSight Time,Noisy ForeSight CNOTs,Noisy ForeSight Depth,Noisy ForeSight Time,SABRE TVD,ForeSight TVD,Noisy ForeSight TVD,SABRE Relative TVD,ForeSight Relative TVD
adder_n10,65,42,129,0.041942151030525565,39,138,0.705380120081827,45,141,0.1324108170811087,0.36244969000009375,0.414899690000094,0.3404996900000939,0.9394398709514852,0.8206795478685865
multiply_n13,40,42,76,0.03674531099386513,36,68,1.3753235370386392,51,79,0.5109844231046736,0.25154985000002145,0.2981248500000214,0.2605248500000214,1.035678812768122,0.873878343251167
multiplier_n15,246,288,434,0.270370818907395,231,378,16.583892080001533,294,455,13.148547346936539,0.8074499300000045,0.7903749300000044,0.7237249300000043,0.8963093600119579,0.915672932591625
sat_n11,252,267,608,0.22359301918186247,201,562,8.76553699397482,273,631,4.7961201758589596,0.33337500000000014,0.31280000000000013,0.3187000000000001,0.9559805024371952,1.01886189258312
bv_n14,13,27,37,0.017158457078039646,27,37,0.012641118839383125,39,47,0.015082161873579025,0.24919666001113386,0.23532181001015548,0.19497198000909893,0.7824020594834127,0.8285334028353971
qaoa_n6,54,18,125,0.03659394709393382,18,123,2.636876206146553,30,133,0.2525825318880379,0.07324999999999994,0.07454999999999999,0.04819999999999998,0.6580204778157,0.64654594232059
