,Original CNOTs,SABRE CNOTs,SABRE Depth,SABRE Time,ForeSight CNOTs,ForeSight Depth,ForeSight Time,Noisy ForeSight CNOTs,Noisy ForeSight Depth,Noisy ForeSight Time,SABRE TVD,ForeSight TVD,Noisy ForeSight TVD,SABRE Relative TVD,ForeSight Relative TVD
adder_n10,65,48,142,0.04254108696477488,36,125,0.27857332496205345,60,153,0.3284752750187181,0.7827746900000944,0.6623746900000941,0.6156746900000938,0.7865286114450374,0.9294960983488157
multiply_n13,40,42,72,0.0370285629760474,42,70,3.1479437830275856,57,89,0.37991848698584363,0.4894498500000214,0.4739748500000215,0.4572748500000215,0.9342629280609679,0.964766063009463
multiplier_n15,246,276,434,0.2675304309814237,228,387,24.43727380898781,273,418,25.002962658007164,0.8352249300000043,0.8398999300000043,0.8357249300000045,1.0005986411349097,0.9950291697250173
sat_n11,252,282,621,0.2438950319774449,201,522,10.333081882970873,264,641,3.9718318859813735,0.34700000000000003,0.34430000000000005,0.3362,0.9688760806916425,0.9764740052279987
bv_n14,13,12,29,0.17595347901806235,12,29,0.009431217971723527,12,29,0.009241063031367958,0.1772474200066395,0.17464757000588907,0.2213970100089209,1.2490845282860963,1.2676787315246096
qaoa_n6,54,18,167,0.03704956697765738,24,132,2.9562798449769616,60,144,0.3197610990027897,0.17912500000000006,0.18355,0.146725,0.8191207257501741,0.7993734677199673
