,Original CNOTs,SABRE CNOTs,SABRE Depth,SABRE Time,ForeSight CNOTs,ForeSight Depth,ForeSight Time,Noisy ForeSight CNOTs,Noisy ForeSight Depth,Noisy ForeSight Time,SABRE TVD,ForeSight TVD,Noisy ForeSight TVD,SABRE Relative TVD,ForeSight Relative TVD
adder_n10,65,54,149,0.04718880006112158,39,126,0.938364356989041,51,151,0.03739697905257344,0.12034972000007627,0.07884975000006085,0.06779977000005122,0.5633562753615734,0.8598603039324652
multiply_n13,40,45,78,0.03976884996518493,42,73,4.910261380951852,60,93,0.3470395808108151,0.06422488000001352,0.06504986000001853,0.05609989000001124,0.8734915503150716,0.8624136931270145
multiplier_n15,246,261,443,0.37695910199545324,210,384,20.495333007071167,270,448,6.397231802111492,0.26659993000000426,0.2105249300000043,0.2436499300000043,0.913915956392038,1.1573447857220487
sat_n11,252,264,598,0.22838348895311356,216,560,12.515398932853714,297,668,13.281756803160533,0.11652499999999993,0.0937,0.09932500000000002,0.8523921905170572,1.060032017075774
bv_n14,13,18,35,0.014106370974332094,18,35,0.01061583892442286,18,35,0.013609047047793865,0.023299650000120114,0.017674670000106536,0.021299600000157147,0.9141596547607944,1.2050918065247476
qaoa_n6,54,24,136,0.041248121997341514,27,132,3.186874456005171,39,126,1.722418017918244,0.020725,0.025699999999999973,0.025424999999999982,1.2267792521109762,0.989299610894942
